"Gamo Co2 Cylinders 12g",,47,4183,4,"Co2 Capsules",0,"In stock",4953
"Test product",,23,0,20,Uncategorized,0,N/A,N/A
"Pabbly Test Product 2",700504,15,17,15,"Air Compressor",0,N/A,N/A
"RWS Geco Diabolo .177 Cal (7.0gr)",2027,12,4788,2,"Pellets &amp; BBs",0,N/A,N/A
"Pabbly Test Product 1",700505,11,11,11,"Air Compressor",0,N/A,N/A
"Gamo Co2 Cylinders 12g",,5,445,1,"Co2 Capsules",0,"In stock",4995
"TestFor Whatsapp",,4,4,4,Uncategorized,0,N/A,N/A
"Apolo Copper Steel BBs .177 / 4.5 mm",,3,3000,3,"Pellets &amp; BBs",0,N/A,N/A
"Precipell Sting Cal 4.55mm/0.177  0.62g/9.6gr",,2,900,1,"Pellets &amp; BBs",0,N/A,N/A
"Diabolo Exact King Heavy .25 Cal (33.95gr)",9420,2,6000,1,"Pellets &amp; BBs",0,N/A,N/A
"Umarex Beretta M9A3 .177 Cal CO2 Air Pistol",9685,1,45999,1,"Air Pistol, Co2 Pistol",0,N/A,N/A
"ASG Dan Wesson 2.5â€³ CO2 BB Revolver 0.177 Cal",5565,1,38150,1,"Air Pistol, Co2 Revolver",0,N/A,N/A
"Test product 4 (Deleted)",,1,0,1,"Uncategorized, Accessories, Air Compressor, Air Pistol, Air Rifle, Archery, Bipod, Break Barrel, Break Barrel, Bullseye Sample Pack, Cases &amp; Bags, Co2 Capsules, Co2 Pistol, Co2 Revolver, Compund Bow, Covers, Crossbows, Filling Device, H&amp;N PRP SAMPLE PACK, Hearing Protection, JSB Sample Starter Pack, Low Cost Best Stainless steel slingshot, Maintenance, Match Rifle, PCP Air Pump, PCP Air Rifle, Pellets &amp; BBs, Scopes &amp; Mounts, Shooting Equipment, Shooting Frames &amp; Accessories, Shooting Range, Slingshot, Slingshot Crossbow, Smasher Slugs Sample Pack, Sports Gun Case, Sports Pistol, Stainless Steel Slingshot, Targets, Venator Sample Pack, wodden slingshot",0,N/A,N/A
"Pabbly Test Product",700506,1,0.5,1,"Air Compressor",0,N/A,N/A
"GLOCK 17 Gen 4 .177 Cal BBs Air Pistol",6796,1,45999,1,"Air Pistol, Co2 Pistol",0,N/A,N/A
"Apolo Holllow point (9 gr)",,1,250,1,"Pellets &amp; BBs",0,N/A,N/A
"Test product (Deleted)",,1,0,1,"Uncategorized, Accessories, Air Compressor, Air Pistol, Air Rifle, Archery, Bipod, Break Barrel, Break Barrel, Bullseye Sample Pack, Cases &amp; Bags, Co2 Capsules, Co2 Pistol, Co2 Revolver, Compund Bow, Covers, Crossbows, Filling Device, H&amp;N PRP SAMPLE PACK, Hearing Protection, JSB Sample Starter Pack, Low Cost Best Stainless steel slingshot, Maintenance, Match Rifle, PCP Air Pump, PCP Air Rifle, Pellets &amp; BBs, Scopes &amp; Mounts, Shooting Equipment, Shooting Frames &amp; Accessories, Shooting Range, Slingshot, Slingshot Crossbow, Smasher Slugs Sample Pack, Sports Gun Case, Sports Pistol, Stainless Steel Slingshot, Targets, Venator Sample Pack, wodden slingshot",0,N/A,N/A
"Discovery VT-R 4-16x42 AOAC Telescope",6920,1,8999,1,"Accessories, Scopes &amp; Mounts",0,N/A,N/A
"Precihole VX100 Spartan Mark II .177 Cal Air Rifle",2041,1,7999,1,"Air Rifle, Break Barrel",0,N/A,N/A
"Test product 2 (Deleted)",,1,0,1,"Uncategorized, Accessories, Air Compressor, Air Pistol, Air Rifle, Archery, Bipod, Break Barrel, Break Barrel, Bullseye Sample Pack, Cases &amp; Bags, Co2 Capsules, Co2 Pistol, Co2 Revolver, Compund Bow, Covers, Crossbows, Filling Device, H&amp;N PRP SAMPLE PACK, Hearing Protection, JSB Sample Starter Pack, Low Cost Best Stainless steel slingshot, Maintenance, Match Rifle, PCP Air Pump, PCP Air Rifle, Pellets &amp; BBs, Scopes &amp; Mounts, Shooting Equipment, Shooting Frames &amp; Accessories, Shooting Range, Slingshot, Slingshot Crossbow, Smasher Slugs Sample Pack, Sports Gun Case, Sports Pistol, Stainless Steel Slingshot, Targets, Venator Sample Pack, wodden slingshot",0,N/A,N/A
"Pellet Catcher ISF Specified Targets 10 CMx10 CM",CSS/SA/PC/004,1,2150,1,"Shooting Equipment",0,N/A,N/A
"Tactical Rifle Laser",,1,4500,1,"Scopes &amp; Mounts",0,N/A,N/A
"Walther PPK/S .177 Cal BB Air Pistol",2771,1,30999,1,"Air Pistol, Co2 Pistol",0,N/A,N/A
"Test product 3 (Deleted)",,1,0,1,"Uncategorized, Accessories, Air Compressor, Air Pistol, Air Rifle, Archery, Bipod, Break Barrel, Break Barrel, Bullseye Sample Pack, Cases &amp; Bags, Co2 Capsules, Co2 Pistol, Co2 Revolver, Compund Bow, Covers, Crossbows, Filling Device, H&amp;N PRP SAMPLE PACK, Hearing Protection, JSB Sample Starter Pack, Low Cost Best Stainless steel slingshot, Maintenance, Match Rifle, PCP Air Pump, PCP Air Rifle, Pellets &amp; BBs, Scopes &amp; Mounts, Shooting Equipment, Shooting Frames &amp; Accessories, Shooting Range, Slingshot, Slingshot Crossbow, Smasher Slugs Sample Pack, Sports Gun Case, Sports Pistol, Stainless Steel Slingshot, Targets, Venator Sample Pack, wodden slingshot",0,N/A,N/A
"1x 40 Holographic Red Dot",,1,4500,1,"Scopes &amp; Mounts",0,N/A,N/A
"Synthetic Rifle Hard Case (Full Black)",CSS/SA/RHC/006,1,1500,1,"Accessories, Cases &amp; Bags",0,N/A,N/A
"Test product 5 (Deleted)",,1,0,1,"Uncategorized, Accessories, Air Compressor, Air Pistol, Air Rifle, Archery, Bipod, Break Barrel, Break Barrel, Bullseye Sample Pack, Cases &amp; Bags, Co2 Capsules, Co2 Pistol, Co2 Revolver, Compund Bow, Covers, Crossbows, Filling Device, H&amp;N PRP SAMPLE PACK, Hearing Protection, JSB Sample Starter Pack, Low Cost Best Stainless steel slingshot, Maintenance, Match Rifle, PCP Air Pump, PCP Air Rifle, Pellets &amp; BBs, Scopes &amp; Mounts, Shooting Equipment, Shooting Frames &amp; Accessories, Shooting Range, Slingshot, Slingshot Crossbow, Smasher Slugs Sample Pack, Sports Gun Case, Sports Pistol, Stainless Steel Slingshot, Targets, Venator Sample Pack, wodden slingshot",0,N/A,N/A
